<?xml version="1.0" encoding="utf-8"?>
<extension version="3.0" type="plugin" group="system" method="upgrade">
	<name>plg_system_jsnframework</name>
	<version>2.2.0</version>
	<creationDate>01/27/2022</creationDate>
	<author>JoomlaShine.com</author>
	<authorEmail>admin@joomlashine.com</authorEmail>
	<authorUrl>www.joomlashine.com</authorUrl>
	<copyright>Copyright (C) 2013 JoomlaShine.com. All Rights Reserved.</copyright>
	<license>GNU/GPL v2 or later http://www.gnu.org/licenses/gpl-2.0.html</license>
	<description>PLG_SYSTEM_JSNFRAMEWORK_XML_DESCRIPTION</description>
	<scriptfile>subinstall.php</scriptfile>
	<updateservers>
		<server type="extension" priority="1" name="JSN Extension Framework Updates">https://www.joomlashine.com/versioning/extensions/jsnframework.xml</server>
	</updateservers>
	<files>
		<folder>assets</folder>
		<folder>extension</folder>
		<folder>language</folder>
		<folder>libraries</folder>
		<filename>index.html</filename>
		<filename>jsnframework.defines.php</filename>
		<filename plugin="jsnframework">jsnframework.php</filename>
		<filename>subinstall.php</filename>
	</files>
	<languages>
		<language tag="en-GB">language/en-GB/en-GB.plg_system_jsnframework.ini</language>
		<language tag="en-GB">language/en-GB/en-GB.plg_system_jsnframework.sys.ini</language>
	</languages>
	<config />
</extension>
