<?xml version="1.0" encoding="utf-8"?>
<extension version="3.0" type="plugin" group="extension" method="upgrade">
	<name>plg_extension_jsnframework</name>
	<version>2.2.0</version>
	<creationDate>01/27/2022</creationDate>
	<author>JoomlaShine.com</author>
	<authorEmail>admin@joomlashine.com</authorEmail>
	<authorUrl>www.joomlashine.com</authorUrl>
	<copyright>Copyright (C) 2013 JoomlaShine.com. All Rights Reserved.</copyright>
	<license>GNU/GPL v2 or later http://www.gnu.org/licenses/gpl-2.0.html</license>
	<description>PLG_EXTENSION_JSNFRAMEWORK_XML_DESCRIPTION</description>
	<files>
		<folder>language</folder>
		<filename>index.html</filename>
		<filename plugin="jsnframework">jsnframework.php</filename>
	</files>
	<languages>
		<language tag="en-GB">language/en-GB/en-GB.plg_extension_jsnframework.ini</language>
		<language tag="en-GB">language/en-GB/en-GB.plg_extension_jsnframework.sys.ini</language>
	</languages>
	<config />
</extension>
